image,label
Data/1D/Capture1.JPG,1
Data/1D/Capture10.JPG,1
Data/1D/Capture100.JPG,1
Data/1D/Capture101.JPG,1
Data/1D/Capture102.JPG,1
Data/1D/Capture103.JPG,1
Data/1D/Capture104.JPG,1
Data/1D/Capture105.JPG,1
Data/1D/Capture106.JPG,1
Data/1D/Capture107.JPG,1
Data/1D/Capture108.JPG,1
Data/1D/Capture109.JPG,1
Data/1D/Capture11.JPG,1
Data/1D/Capture110.JPG,1
Data/1D/Capture111.JPG,1
Data/1D/Capture112.JPG,1
Data/1D/Capture113.JPG,1
Data/1D/Capture114.JPG,1
Data/1D/Capture115.JPG,1
Data/1D/Capture116.JPG,1
Data/1D/Capture117.JPG,1
Data/1D/Capture118.JPG,1
Data/1D/Capture119.JPG,1
Data/1D/Capture12.JPG,1
Data/1D/Capture120.JPG,1
Data/1D/Capture122.JPG,1
Data/1D/Capture123.JPG,1
Data/1D/Capture124.JPG,1
Data/1D/Capture125.JPG,1
Data/1D/Capture126.JPG,1
Data/1D/Capture127.JPG,1
Data/1D/Capture128.JPG,1
Data/1D/Capture129.JPG,1
Data/1D/Capture13.JPG,1
Data/1D/Capture130.JPG,1
Data/1D/Capture131.JPG,1
Data/1D/Capture132.JPG,1
Data/1D/Capture133.JPG,1
Data/1D/Capture134.JPG,1
Data/1D/Capture135.JPG,1
Data/1D/Capture136.JPG,1
Data/1D/Capture14.JPG,1
Data/1D/Capture15.JPG,1
Data/1D/Capture16.JPG,1
Data/1D/Capture17.JPG,1
Data/1D/Capture18.JPG,1
Data/1D/Capture19.JPG,1
Data/1D/Capture2.JPG,1
Data/1D/Capture20.JPG,1
Data/1D/Capture21.JPG,1
Data/1D/Capture22.JPG,1
Data/1D/Capture23.JPG,1
Data/1D/Capture24.JPG,1
Data/1D/Capture25.JPG,1
Data/1D/Capture26.JPG,1
Data/1D/Capture27.JPG,1
Data/1D/Capture28.JPG,1
Data/1D/Capture29.JPG,1
Data/1D/Capture3.JPG,1
Data/1D/Capture30.JPG,1
Data/1D/Capture31.JPG,1
Data/1D/Capture32.JPG,1
Data/1D/Capture33.JPG,1
Data/1D/Capture34.JPG,1
Data/1D/Capture35.JPG,1
Data/1D/Capture36.JPG,1
Data/1D/Capture37.JPG,1
Data/1D/Capture38.JPG,1
Data/1D/Capture39.JPG,1
Data/1D/Capture4.JPG,1
Data/1D/Capture40.JPG,1
Data/1D/Capture41.JPG,1
Data/1D/Capture42.JPG,1
Data/1D/Capture43.JPG,1
Data/1D/Capture44.JPG,1
Data/1D/Capture45.JPG,1
Data/1D/Capture46.JPG,1
Data/1D/Capture47.JPG,1
Data/1D/Capture48.JPG,1
Data/1D/Capture49.JPG,1
Data/1D/Capture5.JPG,1
Data/1D/Capture50.JPG,1
Data/1D/Capture51.JPG,1
Data/1D/Capture52.JPG,1
Data/1D/Capture53.JPG,1
Data/1D/Capture54.JPG,1
Data/1D/Capture55.JPG,1
Data/1D/Capture56.JPG,1
Data/1D/Capture57.JPG,1
Data/1D/Capture58.JPG,1
Data/1D/Capture59.JPG,1
Data/1D/Capture6.JPG,1
Data/1D/Capture60.JPG,1
Data/1D/Capture61.JPG,1
Data/1D/Capture62.JPG,1
Data/1D/Capture63.JPG,1
Data/1D/Capture64.JPG,1
Data/1D/Capture65.JPG,1
Data/1D/Capture66.JPG,1
Data/1D/Capture67.JPG,1
Data/1D/Capture68.JPG,1
Data/1D/Capture69.JPG,1
Data/1D/Capture7.JPG,1
Data/1D/Capture70.JPG,1
Data/1D/Capture71.JPG,1
Data/1D/Capture72.JPG,1
Data/1D/Capture73.JPG,1
Data/1D/Capture74.JPG,1
Data/1D/Capture75.JPG,1
Data/1D/Capture76.JPG,1
Data/1D/Capture77.JPG,1
Data/1D/Capture78.JPG,1
Data/1D/Capture79.JPG,1
Data/1D/Capture8.JPG,1
Data/1D/Capture80.JPG,1
Data/1D/Capture81.JPG,1
Data/1D/Capture82.JPG,1
Data/1D/Capture83.JPG,1
Data/1D/Capture84.JPG,1
Data/1D/Capture85.JPG,1
Data/1D/Capture86.JPG,1
Data/1D/Capture87.JPG,1
Data/1D/Capture88.JPG,1
Data/1D/Capture89.JPG,1
Data/1D/Capture9.JPG,1
Data/1D/Capture90.JPG,1
Data/1D/Capture91.JPG,1
Data/1D/Capture92.JPG,1
Data/1D/Capture93.JPG,1
Data/1D/Capture94.JPG,1
Data/1D/Capture95.JPG,1
Data/1D/Capture96.JPG,1
Data/1D/Capture97.JPG,1
Data/1D/Capture98.JPG,1
Data/1D/Capture99.JPG,1
Data/2D/Capture1.JPG,2
Data/2D/Capture10.JPG,2
Data/2D/Capture100.JPG,2
Data/2D/Capture101.JPG,2
Data/2D/Capture102.JPG,2
Data/2D/Capture103.JPG,2
Data/2D/Capture104.JPG,2
Data/2D/Capture105.JPG,2
Data/2D/Capture106.JPG,2
Data/2D/Capture107.JPG,2
Data/2D/Capture108.JPG,2
Data/2D/Capture109.JPG,2
Data/2D/Capture11.JPG,2
Data/2D/Capture110.JPG,2
Data/2D/Capture111.JPG,2
Data/2D/Capture112.JPG,2
Data/2D/Capture113.JPG,2
Data/2D/Capture114.JPG,2
Data/2D/Capture115.JPG,2
Data/2D/Capture116.JPG,2
Data/2D/Capture117.JPG,2
Data/2D/Capture118.JPG,2
Data/2D/Capture119.JPG,2
Data/2D/Capture12.JPG,2
Data/2D/Capture120.JPG,2
Data/2D/Capture121.JPG,2
Data/2D/Capture122.JPG,2
Data/2D/Capture123.JPG,2
Data/2D/Capture124.JPG,2
Data/2D/Capture125.JPG,2
Data/2D/Capture126.JPG,2
Data/2D/Capture127.JPG,2
Data/2D/Capture128.JPG,2
Data/2D/Capture129.JPG,2
Data/2D/Capture13.JPG,2
Data/2D/Capture130.JPG,2
Data/2D/Capture131.JPG,2
Data/2D/Capture132.JPG,2
Data/2D/Capture133.JPG,2
Data/2D/Capture134.JPG,2
Data/2D/Capture135.JPG,2
Data/2D/Capture136.JPG,2
Data/2D/Capture137.JPG,2
Data/2D/Capture138.JPG,2
Data/2D/Capture139.JPG,2
Data/2D/Capture14.JPG,2
Data/2D/Capture140.JPG,2
Data/2D/Capture141.JPG,2
Data/2D/Capture142.JPG,2
Data/2D/Capture143.JPG,2
Data/2D/Capture144.JPG,2
Data/2D/Capture145.JPG,2
Data/2D/Capture146.JPG,2
Data/2D/Capture147.JPG,2
Data/2D/Capture148.JPG,2
Data/2D/Capture149.JPG,2
Data/2D/Capture15.JPG,2
Data/2D/Capture150.JPG,2
Data/2D/Capture151.JPG,2
Data/2D/Capture152.JPG,2
Data/2D/Capture153.JPG,2
Data/2D/Capture154.JPG,2
Data/2D/Capture155.JPG,2
Data/2D/Capture156.JPG,2
Data/2D/Capture157.JPG,2
Data/2D/Capture158.JPG,2
Data/2D/Capture159.JPG,2
Data/2D/Capture16.JPG,2
Data/2D/Capture160.JPG,2
Data/2D/Capture161.JPG,2
Data/2D/Capture162.JPG,2
Data/2D/Capture163.JPG,2
Data/2D/Capture164.JPG,2
Data/2D/Capture165.JPG,2
Data/2D/Capture166.JPG,2
Data/2D/Capture167.JPG,2
Data/2D/Capture168.JPG,2
Data/2D/Capture169.JPG,2
Data/2D/Capture17.JPG,2
Data/2D/Capture170.JPG,2
Data/2D/Capture171.JPG,2
Data/2D/Capture172.JPG,2
Data/2D/Capture173.JPG,2
Data/2D/Capture174.JPG,2
Data/2D/Capture175.JPG,2
Data/2D/Capture176.JPG,2
Data/2D/Capture177.JPG,2
Data/2D/Capture178.JPG,2
Data/2D/Capture179.JPG,2
Data/2D/Capture18.JPG,2
Data/2D/Capture180.JPG,2
Data/2D/Capture181.JPG,2
Data/2D/Capture182.JPG,2
Data/2D/Capture183.JPG,2
Data/2D/Capture184.JPG,2
Data/2D/Capture19.JPG,2
Data/2D/Capture2.JPG,2
Data/2D/Capture20.JPG,2
Data/2D/Capture21.JPG,2
Data/2D/Capture22.JPG,2
Data/2D/Capture23.JPG,2
Data/2D/Capture24.JPG,2
Data/2D/Capture25.JPG,2
Data/2D/Capture26.JPG,2
Data/2D/Capture27.JPG,2
Data/2D/Capture28.JPG,2
Data/2D/Capture29.JPG,2
Data/2D/Capture3.JPG,2
Data/2D/Capture30.JPG,2
Data/2D/Capture31.JPG,2
Data/2D/Capture32.JPG,2
Data/2D/Capture33.JPG,2
Data/2D/Capture34.JPG,2
Data/2D/Capture35.JPG,2
Data/2D/Capture36.JPG,2
Data/2D/Capture37.JPG,2
Data/2D/Capture38.JPG,2
Data/2D/Capture39.JPG,2
Data/2D/Capture4.JPG,2
Data/2D/Capture40.JPG,2
Data/2D/Capture41.JPG,2
Data/2D/Capture42.JPG,2
Data/2D/Capture43.JPG,2
Data/2D/Capture44.JPG,2
Data/2D/Capture45.JPG,2
Data/2D/Capture46.JPG,2
Data/2D/Capture47.JPG,2
Data/2D/Capture48.JPG,2
Data/2D/Capture49.JPG,2
Data/2D/Capture5.JPG,2
Data/2D/Capture50.JPG,2
Data/2D/Capture51.JPG,2
Data/2D/Capture52.JPG,2
Data/2D/Capture53.JPG,2
Data/2D/Capture54.JPG,2
Data/2D/Capture55.JPG,2
Data/2D/Capture56.JPG,2
Data/2D/Capture57.JPG,2
Data/2D/Capture58.JPG,2
Data/2D/Capture59.JPG,2
Data/2D/Capture6.JPG,2
Data/2D/Capture60.JPG,2
Data/2D/Capture61.JPG,2
Data/2D/Capture62.JPG,2
Data/2D/Capture63.JPG,2
Data/2D/Capture64.JPG,2
Data/2D/Capture65.JPG,2
Data/2D/Capture66.JPG,2
Data/2D/Capture67.JPG,2
Data/2D/Capture68.JPG,2
Data/2D/Capture69.JPG,2
Data/2D/Capture7.JPG,2
Data/2D/Capture70.JPG,2
Data/2D/Capture71.JPG,2
Data/2D/Capture72.JPG,2
Data/2D/Capture73.JPG,2
Data/2D/Capture74.JPG,2
Data/2D/Capture75.JPG,2
Data/2D/Capture76.JPG,2
Data/2D/Capture77.JPG,2
Data/2D/Capture78.JPG,2
Data/2D/Capture79.JPG,2
Data/2D/Capture8.JPG,2
Data/2D/Capture80.JPG,2
Data/2D/Capture81.JPG,2
Data/2D/Capture82.JPG,2
Data/2D/Capture83.JPG,2
Data/2D/Capture84.JPG,2
Data/2D/Capture85.JPG,2
Data/2D/Capture86.JPG,2
Data/2D/Capture87.JPG,2
Data/2D/Capture88.JPG,2
Data/2D/Capture89.JPG,2
Data/2D/Capture9.JPG,2
Data/2D/Capture90.JPG,2
Data/2D/Capture91.JPG,2
Data/2D/Capture92.JPG,2
Data/2D/Capture93.JPG,2
Data/2D/Capture94.JPG,2
Data/2D/Capture95.JPG,2
Data/2D/Capture96.JPG,2
Data/2D/Capture97.JPG,2
Data/2D/Capture98.JPG,2
Data/2D/Capture99.JPG,2
Data/3D/Capture (2).PNG,3
Data/3D/Capture.PNG,3
Data/3D/Capture1.PNG,3
Data/3D/Capture10 (2).PNG,3
Data/3D/Capture10.PNG,3
Data/3D/Capture100.PNG,3
Data/3D/Capture101.PNG,3
Data/3D/Capture102.PNG,3
Data/3D/Capture103.PNG,3
Data/3D/Capture104.PNG,3
Data/3D/Capture105.PNG,3
Data/3D/Capture106.PNG,3
Data/3D/Capture107.PNG,3
Data/3D/Capture108.PNG,3
Data/3D/Capture109.PNG,3
Data/3D/Capture11 (2).PNG,3
Data/3D/Capture11.PNG,3
Data/3D/Capture110.PNG,3
Data/3D/Capture111.PNG,3
Data/3D/Capture112.PNG,3
Data/3D/Capture113.PNG,3
Data/3D/Capture114.PNG,3
Data/3D/Capture115.PNG,3
Data/3D/Capture116.PNG,3
Data/3D/Capture117.PNG,3
Data/3D/Capture118.PNG,3
Data/3D/Capture119.PNG,3
Data/3D/Capture12 (2).PNG,3
Data/3D/Capture12.PNG,3
Data/3D/Capture120.PNG,3
Data/3D/Capture121.PNG,3
Data/3D/Capture122.PNG,3
Data/3D/Capture123.PNG,3
Data/3D/Capture124.PNG,3
Data/3D/Capture125.PNG,3
Data/3D/Capture126.PNG,3
Data/3D/Capture127.PNG,3
Data/3D/Capture128.PNG,3
Data/3D/Capture129.PNG,3
Data/3D/Capture13 (2).PNG,3
Data/3D/Capture13.PNG,3
Data/3D/Capture130.PNG,3
Data/3D/Capture131.PNG,3
Data/3D/Capture132.PNG,3
Data/3D/Capture133.PNG,3
Data/3D/Capture134.PNG,3
Data/3D/Capture135.PNG,3
Data/3D/Capture136.PNG,3
Data/3D/Capture137.PNG,3
Data/3D/Capture138.PNG,3
Data/3D/Capture139.PNG,3
Data/3D/Capture14 (2).PNG,3
Data/3D/Capture14.PNG,3
Data/3D/Capture140.PNG,3
Data/3D/Capture141.PNG,3
Data/3D/Capture142.PNG,3
Data/3D/Capture143.PNG,3
Data/3D/Capture144.PNG,3
Data/3D/Capture145.PNG,3
Data/3D/Capture146.PNG,3
Data/3D/Capture147.PNG,3
Data/3D/Capture148.PNG,3
Data/3D/Capture149.PNG,3
Data/3D/Capture15 (2).PNG,3
Data/3D/Capture15.PNG,3
Data/3D/Capture150.PNG,3
Data/3D/Capture16 (2).PNG,3
Data/3D/Capture16.PNG,3
Data/3D/Capture17 (2).PNG,3
Data/3D/Capture17.PNG,3
Data/3D/Capture18 (2).PNG,3
Data/3D/Capture18.PNG,3
Data/3D/Capture19 (2).PNG,3
Data/3D/Capture19.PNG,3
Data/3D/Capture2 (2).PNG,3
Data/3D/Capture2.PNG,3
Data/3D/Capture20 (2).PNG,3
Data/3D/Capture20.PNG,3
Data/3D/Capture21 (2).PNG,3
Data/3D/Capture21.PNG,3
Data/3D/Capture22 (2).PNG,3
Data/3D/Capture22.PNG,3
Data/3D/Capture23 (2).PNG,3
Data/3D/Capture23.PNG,3
Data/3D/Capture24 (2).PNG,3
Data/3D/Capture24.PNG,3
Data/3D/Capture25 (2).PNG,3
Data/3D/Capture25.PNG,3
Data/3D/Capture26 (2).PNG,3
Data/3D/Capture26.PNG,3
Data/3D/Capture27 (2).PNG,3
Data/3D/Capture27.PNG,3
Data/3D/Capture28 (2).PNG,3
Data/3D/Capture28.PNG,3
Data/3D/Capture29.PNG,3
Data/3D/Capture3 (2).PNG,3
Data/3D/Capture3.PNG,3
Data/3D/Capture30 (2).PNG,3
Data/3D/Capture30.PNG,3
Data/3D/Capture31 (2).PNG,3
Data/3D/Capture31.PNG,3
Data/3D/Capture32 (2).PNG,3
Data/3D/Capture32.PNG,3
Data/3D/Capture33 (2).PNG,3
Data/3D/Capture33.PNG,3
Data/3D/Capture34 (2).PNG,3
Data/3D/Capture34.PNG,3
Data/3D/Capture35 (2).PNG,3
Data/3D/Capture35.PNG,3
Data/3D/Capture36 (2).PNG,3
Data/3D/Capture36.PNG,3
Data/3D/Capture37 (2).PNG,3
Data/3D/Capture37.PNG,3
Data/3D/Capture38 (2).PNG,3
Data/3D/Capture38.PNG,3
Data/3D/Capture39 (2).PNG,3
Data/3D/Capture39.PNG,3
Data/3D/Capture4 (2).PNG,3
Data/3D/Capture4.PNG,3
Data/3D/Capture40 (2).PNG,3
Data/3D/Capture40.PNG,3
Data/3D/Capture41 (2).PNG,3
Data/3D/Capture41.PNG,3
Data/3D/Capture42 (2).PNG,3
Data/3D/Capture42.PNG,3
Data/3D/Capture43 (2).PNG,3
Data/3D/Capture43.PNG,3
Data/3D/Capture44 (2).PNG,3
Data/3D/Capture44.PNG,3
Data/3D/Capture45 (2).PNG,3
Data/3D/Capture45.PNG,3
Data/3D/Capture46 (2).PNG,3
Data/3D/Capture46.PNG,3
Data/3D/Capture47 (2).PNG,3
Data/3D/Capture47.PNG,3
Data/3D/Capture48 (2).PNG,3
Data/3D/Capture48.PNG,3
Data/3D/Capture49 (2).PNG,3
Data/3D/Capture49.PNG,3
Data/3D/Capture5 (2).PNG,3
Data/3D/Capture5.PNG,3
Data/3D/Capture50 (2).PNG,3
Data/3D/Capture50.PNG,3
Data/3D/Capture51 (2).PNG,3
Data/3D/Capture51.PNG,3
Data/3D/Capture52 (2).PNG,3
Data/3D/Capture52.PNG,3
Data/3D/Capture53 (2).PNG,3
Data/3D/Capture53.PNG,3
Data/3D/Capture54 (2).PNG,3
Data/3D/Capture54.PNG,3
Data/3D/Capture55 (2).PNG,3
Data/3D/Capture55.PNG,3
Data/3D/Capture56 (2).PNG,3
Data/3D/Capture56.PNG,3
Data/3D/Capture57 (2).PNG,3
Data/3D/Capture57.PNG,3
Data/3D/Capture58 (2).PNG,3
Data/3D/Capture58.PNG,3
Data/3D/Capture59 (2).PNG,3
Data/3D/Capture59.PNG,3
Data/3D/Capture6 (2).PNG,3
Data/3D/Capture6.PNG,3
Data/3D/Capture60.PNG,3
Data/3D/Capture61.PNG,3
Data/3D/Capture62.PNG,3
Data/3D/Capture63.PNG,3
Data/3D/Capture64.PNG,3
Data/3D/Capture65.PNG,3
Data/3D/Capture66.PNG,3
Data/3D/Capture67.PNG,3
Data/3D/Capture68.PNG,3
Data/3D/Capture69.PNG,3
Data/3D/Capture7 (2).PNG,3
Data/3D/Capture7.PNG,3
Data/3D/Capture70.PNG,3
Data/3D/Capture71.PNG,3
Data/3D/Capture72.PNG,3
Data/3D/Capture73.PNG,3
Data/3D/Capture74.PNG,3
Data/3D/Capture75.PNG,3
Data/3D/Capture76.PNG,3
Data/3D/Capture77.PNG,3
Data/3D/Capture78.PNG,3
Data/3D/Capture79.PNG,3
Data/3D/Capture8 (2).PNG,3
Data/3D/Capture8.PNG,3
Data/3D/Capture80.PNG,3
Data/3D/Capture81.PNG,3
Data/3D/Capture82.PNG,3
Data/3D/Capture83.PNG,3
Data/3D/Capture84.PNG,3
Data/3D/Capture85.PNG,3
Data/3D/Capture86.PNG,3
Data/3D/Capture87.PNG,3
Data/3D/Capture88.PNG,3
Data/3D/Capture89.PNG,3
Data/3D/Capture9 (2).PNG,3
Data/3D/Capture9.PNG,3
Data/3D/Capture90.PNG,3
Data/3D/Capture91.PNG,3
Data/3D/Capture92.PNG,3
Data/3D/Capture93.PNG,3
Data/3D/Capture94.PNG,3
Data/3D/Capture95.PNG,3
Data/3D/Capture96.PNG,3
Data/3D/Capture97.PNG,3
Data/3D/Capture98.PNG,3
Data/3D/Capture99.PNG,3
Data/4D/Capture (2).PNG,4
Data/4D/Capture.PNG,4
Data/4D/Capture10 (2).PNG,4
Data/4D/Capture10.PNG,4
Data/4D/Capture100.PNG,4
Data/4D/Capture101.PNG,4
Data/4D/Capture102.PNG,4
Data/4D/Capture103.PNG,4
Data/4D/Capture104.PNG,4
Data/4D/Capture105.PNG,4
Data/4D/Capture106.PNG,4
Data/4D/Capture107.PNG,4
Data/4D/Capture108.PNG,4
Data/4D/Capture109.PNG,4
Data/4D/Capture11 (2).PNG,4
Data/4D/Capture11.PNG,4
Data/4D/Capture110.PNG,4
Data/4D/Capture111.PNG,4
Data/4D/Capture112.PNG,4
Data/4D/Capture113.PNG,4
Data/4D/Capture114.PNG,4
Data/4D/Capture115.PNG,4
Data/4D/Capture116.PNG,4
Data/4D/Capture117.PNG,4
Data/4D/Capture118.PNG,4
Data/4D/Capture119.PNG,4
Data/4D/Capture12 (2).PNG,4
Data/4D/Capture12.PNG,4
Data/4D/Capture120.PNG,4
Data/4D/Capture121.PNG,4
Data/4D/Capture122.PNG,4
Data/4D/Capture123.PNG,4
Data/4D/Capture124.PNG,4
Data/4D/Capture125.PNG,4
Data/4D/Capture126.PNG,4
Data/4D/Capture127.PNG,4
Data/4D/Capture128.PNG,4
Data/4D/Capture129.PNG,4
Data/4D/Capture13 (2).PNG,4
Data/4D/Capture13.PNG,4
Data/4D/Capture130.PNG,4
Data/4D/Capture131.PNG,4
Data/4D/Capture132.PNG,4
Data/4D/Capture133.PNG,4
Data/4D/Capture134.PNG,4
Data/4D/Capture135.PNG,4
Data/4D/Capture136.PNG,4
Data/4D/Capture137.PNG,4
Data/4D/Capture14 (2).PNG,4
Data/4D/Capture14.PNG,4
Data/4D/Capture15 (2).PNG,4
Data/4D/Capture15.PNG,4
Data/4D/Capture16 (2).PNG,4
Data/4D/Capture16.PNG,4
Data/4D/Capture17 (2).PNG,4
Data/4D/Capture17.PNG,4
Data/4D/Capture18 (2).PNG,4
Data/4D/Capture18.PNG,4
Data/4D/Capture19 (2).PNG,4
Data/4D/Capture19.PNG,4
Data/4D/Capture2 (2).PNG,4
Data/4D/Capture2.PNG,4
Data/4D/Capture20 (2).PNG,4
Data/4D/Capture20.PNG,4
Data/4D/Capture21 (2).PNG,4
Data/4D/Capture21.PNG,4
Data/4D/Capture22 (2).PNG,4
Data/4D/Capture22.PNG,4
Data/4D/Capture23 (2).PNG,4
Data/4D/Capture23.PNG,4
Data/4D/Capture24 (2).PNG,4
Data/4D/Capture24.PNG,4
Data/4D/Capture25 (2).PNG,4
Data/4D/Capture25.PNG,4
Data/4D/Capture26 (2).PNG,4
Data/4D/Capture26.PNG,4
Data/4D/Capture27 (2).PNG,4
Data/4D/Capture27.PNG,4
Data/4D/Capture28 (2).PNG,4
Data/4D/Capture28.PNG,4
Data/4D/Capture29 (2).PNG,4
Data/4D/Capture29.PNG,4
Data/4D/Capture3 (2).PNG,4
Data/4D/Capture3.PNG,4
Data/4D/Capture30 (2).PNG,4
Data/4D/Capture30.PNG,4
Data/4D/Capture31 (2).PNG,4
Data/4D/Capture31.PNG,4
Data/4D/Capture32 (2).PNG,4
Data/4D/Capture32.PNG,4
Data/4D/Capture33 (2).PNG,4
Data/4D/Capture33.PNG,4
Data/4D/Capture34 (2).PNG,4
Data/4D/Capture34.PNG,4
Data/4D/Capture35 (2).PNG,4
Data/4D/Capture35.PNG,4
Data/4D/Capture36 (2).PNG,4
Data/4D/Capture36.PNG,4
Data/4D/Capture37 (2).PNG,4
Data/4D/Capture37.PNG,4
Data/4D/Capture38 (2).PNG,4
Data/4D/Capture38.PNG,4
Data/4D/Capture39 (2).PNG,4
Data/4D/Capture39.PNG,4
Data/4D/Capture4 (2).PNG,4
Data/4D/Capture4.PNG,4
Data/4D/Capture40 (2).PNG,4
Data/4D/Capture40.PNG,4
Data/4D/Capture41 (2).PNG,4
Data/4D/Capture41.PNG,4
Data/4D/Capture42 (2).PNG,4
Data/4D/Capture42.PNG,4
Data/4D/Capture43 (2).PNG,4
Data/4D/Capture43.PNG,4
Data/4D/Capture44 (2).PNG,4
Data/4D/Capture44.PNG,4
Data/4D/Capture45 (2).PNG,4
Data/4D/Capture45.PNG,4
Data/4D/Capture46 (2).PNG,4
Data/4D/Capture46.PNG,4
Data/4D/Capture47 (2).PNG,4
Data/4D/Capture47.PNG,4
Data/4D/Capture48 (2).PNG,4
Data/4D/Capture48.PNG,4
Data/4D/Capture49 (2).PNG,4
Data/4D/Capture49.PNG,4
Data/4D/Capture5.PNG,4
Data/4D/Capture50 (2).PNG,4
Data/4D/Capture50.PNG,4
Data/4D/Capture51 (2).PNG,4
Data/4D/Capture51.PNG,4
Data/4D/Capture52 (2).PNG,4
Data/4D/Capture52.PNG,4
Data/4D/Capture53 (2).PNG,4
Data/4D/Capture53.PNG,4
Data/4D/Capture54 (2).PNG,4
Data/4D/Capture54.PNG,4
Data/4D/Capture55 (2).PNG,4
Data/4D/Capture55.PNG,4
Data/4D/Capture56 (2).PNG,4
Data/4D/Capture56.PNG,4
Data/4D/Capture57 (2).PNG,4
Data/4D/Capture57.PNG,4
Data/4D/Capture58.PNG,4
Data/4D/Capture59.PNG,4
Data/4D/Capture6 (2).PNG,4
Data/4D/Capture6.PNG,4
Data/4D/Capture60.PNG,4
Data/4D/Capture61.PNG,4
Data/4D/Capture62.PNG,4
Data/4D/Capture63.PNG,4
Data/4D/Capture64.PNG,4
Data/4D/Capture65.PNG,4
Data/4D/Capture66.PNG,4
Data/4D/Capture67.PNG,4
Data/4D/Capture68.PNG,4
Data/4D/Capture69.PNG,4
Data/4D/Capture7 (2).PNG,4
Data/4D/Capture7.PNG,4
Data/4D/Capture70.PNG,4
Data/4D/Capture71.PNG,4
Data/4D/Capture72.PNG,4
Data/4D/Capture73.PNG,4
Data/4D/Capture74.PNG,4
Data/4D/Capture75.PNG,4
Data/4D/Capture76.PNG,4
Data/4D/Capture77.PNG,4
Data/4D/Capture78.PNG,4
Data/4D/Capture79.PNG,4
Data/4D/Capture8 (2).PNG,4
Data/4D/Capture8.PNG,4
Data/4D/Capture80.PNG,4
Data/4D/Capture81.PNG,4
Data/4D/Capture82.PNG,4
Data/4D/Capture83.PNG,4
Data/4D/Capture84.PNG,4
Data/4D/Capture85.PNG,4
Data/4D/Capture86.PNG,4
Data/4D/Capture87.PNG,4
Data/4D/Capture88.PNG,4
Data/4D/Capture89.PNG,4
Data/4D/Capture9 (2).PNG,4
Data/4D/Capture9.PNG,4
Data/4D/Capture90.PNG,4
Data/4D/Capture91.PNG,4
Data/4D/Capture92.PNG,4
Data/4D/Capture93.PNG,4
Data/4D/Capture94.PNG,4
Data/4D/Capture95.PNG,4
Data/4D/Capture96.PNG,4
Data/4D/Capture97.PNG,4
Data/4D/Capture98.PNG,4
Data/4D/Capture99.PNG,4
Data/5D/Capture1.JPG,5
Data/5D/Capture10.JPG,5
Data/5D/Capture100.JPG,5
Data/5D/Capture101.JPG,5
Data/5D/Capture102.JPG,5
Data/5D/Capture103.JPG,5
Data/5D/Capture104.JPG,5
Data/5D/Capture105.JPG,5
Data/5D/Capture106.JPG,5
Data/5D/Capture107.JPG,5
Data/5D/Capture108.JPG,5
Data/5D/Capture109.JPG,5
Data/5D/Capture11.JPG,5
Data/5D/Capture110.JPG,5
Data/5D/Capture111.JPG,5
Data/5D/Capture112.JPG,5
Data/5D/Capture113.JPG,5
Data/5D/Capture114.JPG,5
Data/5D/Capture115.JPG,5
Data/5D/Capture116.JPG,5
Data/5D/Capture117.JPG,5
Data/5D/Capture118.JPG,5
Data/5D/Capture119.JPG,5
Data/5D/Capture12.JPG,5
Data/5D/Capture120.JPG,5
Data/5D/Capture121.JPG,5
Data/5D/Capture122.JPG,5
Data/5D/Capture123.JPG,5
Data/5D/Capture124.JPG,5
Data/5D/Capture125.JPG,5
Data/5D/Capture126.JPG,5
Data/5D/Capture127.JPG,5
Data/5D/Capture128.JPG,5
Data/5D/Capture129.JPG,5
Data/5D/Capture13.JPG,5
Data/5D/Capture130.JPG,5
Data/5D/Capture131.JPG,5
Data/5D/Capture132.JPG,5
Data/5D/Capture133.JPG,5
Data/5D/Capture134.JPG,5
Data/5D/Capture135.JPG,5
Data/5D/Capture136.JPG,5
Data/5D/Capture137.JPG,5
Data/5D/Capture138.JPG,5
Data/5D/Capture139.JPG,5
Data/5D/Capture14.JPG,5
Data/5D/Capture140.JPG,5
Data/5D/Capture141.JPG,5
Data/5D/Capture142.JPG,5
Data/5D/Capture143.JPG,5
Data/5D/Capture144.JPG,5
Data/5D/Capture145.JPG,5
Data/5D/Capture146.JPG,5
Data/5D/Capture147.JPG,5
Data/5D/Capture148.JPG,5
Data/5D/Capture149.JPG,5
Data/5D/Capture15.JPG,5
Data/5D/Capture150.JPG,5
Data/5D/Capture151.JPG,5
Data/5D/Capture152.JPG,5
Data/5D/Capture153.JPG,5
Data/5D/Capture154.JPG,5
Data/5D/Capture155.JPG,5
Data/5D/Capture156.JPG,5
Data/5D/Capture157.JPG,5
Data/5D/Capture158.JPG,5
Data/5D/Capture159.JPG,5
Data/5D/Capture16.JPG,5
Data/5D/Capture160.JPG,5
Data/5D/Capture161.JPG,5
Data/5D/Capture162.JPG,5
Data/5D/Capture163.JPG,5
Data/5D/Capture164.JPG,5
Data/5D/Capture165.JPG,5
Data/5D/Capture166.JPG,5
Data/5D/Capture167.JPG,5
Data/5D/Capture168.JPG,5
Data/5D/Capture169.JPG,5
Data/5D/Capture17.JPG,5
Data/5D/Capture170.JPG,5
Data/5D/Capture171.JPG,5
Data/5D/Capture172.JPG,5
Data/5D/Capture173.JPG,5
Data/5D/Capture174.JPG,5
Data/5D/Capture175.JPG,5
Data/5D/Capture176.JPG,5
Data/5D/Capture177.JPG,5
Data/5D/Capture178.JPG,5
Data/5D/Capture179.JPG,5
Data/5D/Capture18.JPG,5
Data/5D/Capture180.JPG,5
Data/5D/Capture181.JPG,5
Data/5D/Capture182.JPG,5
Data/5D/Capture183.JPG,5
Data/5D/Capture184.JPG,5
Data/5D/Capture185.JPG,5
Data/5D/Capture186.JPG,5
Data/5D/Capture19.JPG,5
Data/5D/Capture2.JPG,5
Data/5D/Capture20.JPG,5
Data/5D/Capture21.JPG,5
Data/5D/Capture22.JPG,5
Data/5D/Capture23.JPG,5
Data/5D/Capture24.JPG,5
Data/5D/Capture25.JPG,5
Data/5D/Capture26.JPG,5
Data/5D/Capture27.JPG,5
Data/5D/Capture28.JPG,5
Data/5D/Capture29.JPG,5
Data/5D/Capture3.JPG,5
Data/5D/Capture30.JPG,5
Data/5D/Capture31.JPG,5
Data/5D/Capture32.JPG,5
Data/5D/Capture33.JPG,5
Data/5D/Capture34.JPG,5
Data/5D/Capture35.JPG,5
Data/5D/Capture36.JPG,5
Data/5D/Capture37.JPG,5
Data/5D/Capture38.JPG,5
Data/5D/Capture39.JPG,5
Data/5D/Capture4.JPG,5
Data/5D/Capture40.JPG,5
Data/5D/Capture41.JPG,5
Data/5D/Capture42.JPG,5
Data/5D/Capture43.JPG,5
Data/5D/Capture44.JPG,5
Data/5D/Capture45.JPG,5
Data/5D/Capture46.JPG,5
Data/5D/Capture47.JPG,5
Data/5D/Capture48.JPG,5
Data/5D/Capture49.JPG,5
Data/5D/Capture5.JPG,5
Data/5D/Capture50.JPG,5
Data/5D/Capture51.JPG,5
Data/5D/Capture52.JPG,5
Data/5D/Capture53.JPG,5
Data/5D/Capture54.JPG,5
Data/5D/Capture55.JPG,5
Data/5D/Capture56.JPG,5
Data/5D/Capture57.JPG,5
Data/5D/Capture58.JPG,5
Data/5D/Capture59.JPG,5
Data/5D/Capture6.JPG,5
Data/5D/Capture60.JPG,5
Data/5D/Capture61.JPG,5
Data/5D/Capture62.JPG,5
Data/5D/Capture63.JPG,5
Data/5D/Capture64.JPG,5
Data/5D/Capture65.JPG,5
Data/5D/Capture66.JPG,5
Data/5D/Capture67.JPG,5
Data/5D/Capture68.JPG,5
Data/5D/Capture69.JPG,5
Data/5D/Capture7.JPG,5
Data/5D/Capture70.JPG,5
Data/5D/Capture71.JPG,5
Data/5D/Capture72.JPG,5
Data/5D/Capture73.JPG,5
Data/5D/Capture74.JPG,5
Data/5D/Capture75.JPG,5
Data/5D/Capture76.JPG,5
Data/5D/Capture77.JPG,5
Data/5D/Capture78.JPG,5
Data/5D/Capture79.JPG,5
Data/5D/Capture8.JPG,5
Data/5D/Capture80.JPG,5
Data/5D/Capture81.JPG,5
Data/5D/Capture82.JPG,5
Data/5D/Capture83.JPG,5
Data/5D/Capture84.JPG,5
Data/5D/Capture85.JPG,5
Data/5D/Capture86.JPG,5
Data/5D/Capture87.JPG,5
Data/5D/Capture88.JPG,5
Data/5D/Capture89.JPG,5
Data/5D/Capture9.JPG,5
Data/5D/Capture90.JPG,5
Data/5D/Capture91.JPG,5
Data/5D/Capture92.JPG,5
Data/5D/Capture93.JPG,5
Data/5D/Capture94.JPG,5
Data/5D/Capture95.JPG,5
Data/5D/Capture96.JPG,5
Data/5D/Capture97.JPG,5
Data/5D/Capture98.JPG,5
Data/5D/Capture99.JPG,5
Data/6D/Capture1.JPG,6
Data/6D/Capture10.JPG,6
Data/6D/Capture100.JPG,6
Data/6D/Capture101.JPG,6
Data/6D/Capture102.JPG,6
Data/6D/Capture103.JPG,6
Data/6D/Capture104.JPG,6
Data/6D/Capture105.JPG,6
Data/6D/Capture106.JPG,6
Data/6D/Capture107.JPG,6
Data/6D/Capture108.JPG,6
Data/6D/Capture109.JPG,6
Data/6D/Capture11.JPG,6
Data/6D/Capture110.JPG,6
Data/6D/Capture111.JPG,6
Data/6D/Capture112.JPG,6
Data/6D/Capture113.JPG,6
Data/6D/Capture114.JPG,6
Data/6D/Capture115.JPG,6
Data/6D/Capture116.JPG,6
Data/6D/Capture117.JPG,6
Data/6D/Capture118.JPG,6
Data/6D/Capture119.JPG,6
Data/6D/Capture12.JPG,6
Data/6D/Capture120.JPG,6
Data/6D/Capture121.JPG,6
Data/6D/Capture122.JPG,6
Data/6D/Capture123.JPG,6
Data/6D/Capture124.JPG,6
Data/6D/Capture125.JPG,6
Data/6D/Capture126.JPG,6
Data/6D/Capture127.JPG,6
Data/6D/Capture128.JPG,6
Data/6D/Capture129.JPG,6
Data/6D/Capture13.JPG,6
Data/6D/Capture130.JPG,6
Data/6D/Capture131.JPG,6
Data/6D/Capture132.JPG,6
Data/6D/Capture133.JPG,6
Data/6D/Capture134.JPG,6
Data/6D/Capture135.JPG,6
Data/6D/Capture136.JPG,6
Data/6D/Capture137.JPG,6
Data/6D/Capture138.JPG,6
Data/6D/Capture139.JPG,6
Data/6D/Capture14.JPG,6
Data/6D/Capture140.JPG,6
Data/6D/Capture141.JPG,6
Data/6D/Capture142.JPG,6
Data/6D/Capture143.JPG,6
Data/6D/Capture144.JPG,6
Data/6D/Capture15.JPG,6
Data/6D/Capture16.JPG,6
Data/6D/Capture17.JPG,6
Data/6D/Capture18.JPG,6
Data/6D/Capture19.JPG,6
Data/6D/Capture2.JPG,6
Data/6D/Capture20.JPG,6
Data/6D/Capture21.JPG,6
Data/6D/Capture22.JPG,6
Data/6D/Capture23.JPG,6
Data/6D/Capture24.JPG,6
Data/6D/Capture25.JPG,6
Data/6D/Capture26.JPG,6
Data/6D/Capture27.JPG,6
Data/6D/Capture28.JPG,6
Data/6D/Capture29.JPG,6
Data/6D/Capture3.JPG,6
Data/6D/Capture30.JPG,6
Data/6D/Capture31.JPG,6
Data/6D/Capture32.JPG,6
Data/6D/Capture33.JPG,6
Data/6D/Capture34.JPG,6
Data/6D/Capture35.JPG,6
Data/6D/Capture36.JPG,6
Data/6D/Capture37.JPG,6
Data/6D/Capture38.JPG,6
Data/6D/Capture39.JPG,6
Data/6D/Capture4.JPG,6
Data/6D/Capture40.JPG,6
Data/6D/Capture41.JPG,6
Data/6D/Capture42.JPG,6
Data/6D/Capture43.JPG,6
Data/6D/Capture44.JPG,6
Data/6D/Capture45.JPG,6
Data/6D/Capture46.JPG,6
Data/6D/Capture47.JPG,6
Data/6D/Capture48.JPG,6
Data/6D/Capture49.JPG,6
Data/6D/Capture5.JPG,6
Data/6D/Capture50.JPG,6
Data/6D/Capture51.JPG,6
Data/6D/Capture52.JPG,6
Data/6D/Capture53.JPG,6
Data/6D/Capture54.JPG,6
Data/6D/Capture55.JPG,6
Data/6D/Capture56.JPG,6
Data/6D/Capture57.JPG,6
Data/6D/Capture58.JPG,6
Data/6D/Capture59.JPG,6
Data/6D/Capture6.JPG,6
Data/6D/Capture60.JPG,6
Data/6D/Capture61.JPG,6
Data/6D/Capture62.JPG,6
Data/6D/Capture63.JPG,6
Data/6D/Capture64.JPG,6
Data/6D/Capture65.JPG,6
Data/6D/Capture66.JPG,6
Data/6D/Capture67.JPG,6
Data/6D/Capture68.JPG,6
Data/6D/Capture69.JPG,6
Data/6D/Capture7.JPG,6
Data/6D/Capture70.JPG,6
Data/6D/Capture71.JPG,6
Data/6D/Capture72.JPG,6
Data/6D/Capture73.JPG,6
Data/6D/Capture74.JPG,6
Data/6D/Capture75.JPG,6
Data/6D/Capture76.JPG,6
Data/6D/Capture77.JPG,6
Data/6D/Capture78.JPG,6
Data/6D/Capture79.JPG,6
Data/6D/Capture8.JPG,6
Data/6D/Capture80.JPG,6
Data/6D/Capture81.JPG,6
Data/6D/Capture82.JPG,6
Data/6D/Capture83.JPG,6
Data/6D/Capture84.JPG,6
Data/6D/Capture85.JPG,6
Data/6D/Capture86.JPG,6
Data/6D/Capture87.JPG,6
Data/6D/Capture88.JPG,6
Data/6D/Capture89.JPG,6
Data/6D/Capture9.JPG,6
Data/6D/Capture90.JPG,6
Data/6D/Capture91.JPG,6
Data/6D/Capture92.JPG,6
Data/6D/Capture93.JPG,6
Data/6D/Capture94.JPG,6
Data/6D/Capture95.JPG,6
Data/6D/Capture96.JPG,6
Data/6D/Capture97.JPG,6
Data/6D/Capture98.JPG,6
Data/6D/Capture99.JPG,6
Data/7D/1.JPG,7
Data/7D/10.JPG,7
Data/7D/100.JPG,7
Data/7D/101.JPG,7
Data/7D/102.JPG,7
Data/7D/103.JPG,7
Data/7D/104.JPG,7
Data/7D/105.JPG,7
Data/7D/106.JPG,7
Data/7D/107.JPG,7
Data/7D/108.JPG,7
Data/7D/109.JPG,7
Data/7D/11.JPG,7
Data/7D/110.JPG,7
Data/7D/111.JPG,7
Data/7D/112.JPG,7
Data/7D/113.JPG,7
Data/7D/114.JPG,7
Data/7D/115.JPG,7
Data/7D/116.JPG,7
Data/7D/117.JPG,7
Data/7D/118.JPG,7
Data/7D/119.JPG,7
Data/7D/12.JPG,7
Data/7D/120.JPG,7
Data/7D/121.JPG,7
Data/7D/122.JPG,7
Data/7D/123.JPG,7
Data/7D/124.JPG,7
Data/7D/125.JPG,7
Data/7D/126.JPG,7
Data/7D/127.JPG,7
Data/7D/128.JPG,7
Data/7D/129.JPG,7
Data/7D/13.JPG,7
Data/7D/130.JPG,7
Data/7D/131.JPG,7
Data/7D/132.JPG,7
Data/7D/133.JPG,7
Data/7D/134.JPG,7
Data/7D/135.JPG,7
Data/7D/136.JPG,7
Data/7D/137.JPG,7
Data/7D/138.JPG,7
Data/7D/139.JPG,7
Data/7D/14.JPG,7
Data/7D/140.JPG,7
Data/7D/141.JPG,7
Data/7D/142.JPG,7
Data/7D/143.JPG,7
Data/7D/144.JPG,7
Data/7D/145.JPG,7
Data/7D/146.JPG,7
Data/7D/147.JPG,7
Data/7D/148.JPG,7
Data/7D/149.JPG,7
Data/7D/15.JPG,7
Data/7D/150.JPG,7
Data/7D/151.JPG,7
Data/7D/152.JPG,7
Data/7D/153.JPG,7
Data/7D/154.JPG,7
Data/7D/155.JPG,7
Data/7D/156.JPG,7
Data/7D/157.JPG,7
Data/7D/158.JPG,7
Data/7D/159.JPG,7
Data/7D/16.JPG,7
Data/7D/160.JPG,7
Data/7D/161.JPG,7
Data/7D/162.JPG,7
Data/7D/163.JPG,7
Data/7D/164.JPG,7
Data/7D/165.JPG,7
Data/7D/166.JPG,7
Data/7D/167.JPG,7
Data/7D/168.JPG,7
Data/7D/169.JPG,7
Data/7D/17.JPG,7
Data/7D/170.JPG,7
Data/7D/171.JPG,7
Data/7D/172.JPG,7
Data/7D/173.JPG,7
Data/7D/174.JPG,7
Data/7D/175.JPG,7
Data/7D/176.JPG,7
Data/7D/177.JPG,7
Data/7D/178.JPG,7
Data/7D/179.JPG,7
Data/7D/18.JPG,7
Data/7D/180.JPG,7
Data/7D/181.JPG,7
Data/7D/182.JPG,7
Data/7D/183.JPG,7
Data/7D/184.JPG,7
Data/7D/185.JPG,7
Data/7D/186.JPG,7
Data/7D/187.JPG,7
Data/7D/188.JPG,7
Data/7D/189.JPG,7
Data/7D/19.JPG,7
Data/7D/190.JPG,7
Data/7D/191.JPG,7
Data/7D/192.JPG,7
Data/7D/193.JPG,7
Data/7D/194.JPG,7
Data/7D/195.JPG,7
Data/7D/196.JPG,7
Data/7D/197.JPG,7
Data/7D/198.JPG,7
Data/7D/199.JPG,7
Data/7D/2.JPG,7
Data/7D/20.JPG,7
Data/7D/200.JPG,7
Data/7D/201.JPG,7
Data/7D/202.JPG,7
Data/7D/203.JPG,7
Data/7D/204.JPG,7
Data/7D/205.JPG,7
Data/7D/206.JPG,7
Data/7D/207.JPG,7
Data/7D/208.JPG,7
Data/7D/209.JPG,7
Data/7D/21.JPG,7
Data/7D/210.JPG,7
Data/7D/211.JPG,7
Data/7D/212.JPG,7
Data/7D/213.JPG,7
Data/7D/214.JPG,7
Data/7D/215.JPG,7
Data/7D/22.JPG,7
Data/7D/23.JPG,7
Data/7D/24.JPG,7
Data/7D/25.JPG,7
Data/7D/26.JPG,7
Data/7D/27.JPG,7
Data/7D/28.JPG,7
Data/7D/29.JPG,7
Data/7D/3.JPG,7
Data/7D/30.JPG,7
Data/7D/31.JPG,7
Data/7D/32.JPG,7
Data/7D/33.JPG,7
Data/7D/34.JPG,7
Data/7D/35.JPG,7
Data/7D/36.JPG,7
Data/7D/37.JPG,7
Data/7D/38.JPG,7
Data/7D/39.JPG,7
Data/7D/4.JPG,7
Data/7D/40.JPG,7
Data/7D/41.JPG,7
Data/7D/42.JPG,7
Data/7D/43.JPG,7
Data/7D/44.JPG,7
Data/7D/45.JPG,7
Data/7D/46.JPG,7
Data/7D/47.JPG,7
Data/7D/48.JPG,7
Data/7D/49.JPG,7
Data/7D/5.JPG,7
Data/7D/50.JPG,7
Data/7D/51.JPG,7
Data/7D/52.JPG,7
Data/7D/53.JPG,7
Data/7D/54.JPG,7
Data/7D/55.JPG,7
Data/7D/56.JPG,7
Data/7D/57.JPG,7
Data/7D/58.JPG,7
Data/7D/59.JPG,7
Data/7D/6.JPG,7
Data/7D/60.JPG,7
Data/7D/61.JPG,7
Data/7D/62.JPG,7
Data/7D/63.JPG,7
Data/7D/64.JPG,7
Data/7D/65.JPG,7
Data/7D/66.JPG,7
Data/7D/67.JPG,7
Data/7D/68.JPG,7
Data/7D/69.JPG,7
Data/7D/7.JPG,7
Data/7D/70.JPG,7
Data/7D/71.JPG,7
Data/7D/72.JPG,7
Data/7D/73.JPG,7
Data/7D/74.JPG,7
Data/7D/75.JPG,7
Data/7D/76.JPG,7
Data/7D/77.JPG,7
Data/7D/78.JPG,7
Data/7D/79.JPG,7
Data/7D/8.JPG,7
Data/7D/80.JPG,7
Data/7D/81.JPG,7
Data/7D/82.JPG,7
Data/7D/83.JPG,7
Data/7D/84.JPG,7
Data/7D/85.JPG,7
Data/7D/86.JPG,7
Data/7D/87.JPG,7
Data/7D/88.JPG,7
Data/7D/89.JPG,7
Data/7D/9.JPG,7
Data/7D/90.JPG,7
Data/7D/91.JPG,7
Data/7D/92.JPG,7
Data/7D/93.JPG,7
Data/7D/94.JPG,7
Data/7D/95.JPG,7
Data/7D/96.JPG,7
Data/7D/97.JPG,7
Data/7D/98.JPG,7
Data/7D/99.JPG,7
Data/8D/1.JPG,8
Data/8D/10.JPG,8
Data/8D/100.JPG,8
Data/8D/101.JPG,8
Data/8D/102.JPG,8
Data/8D/103.JPG,8
Data/8D/104.JPG,8
Data/8D/105.JPG,8
Data/8D/106.JPG,8
Data/8D/107.JPG,8
Data/8D/108.JPG,8
Data/8D/109.JPG,8
Data/8D/11.JPG,8
Data/8D/110.JPG,8
Data/8D/111.JPG,8
Data/8D/112.JPG,8
Data/8D/113.JPG,8
Data/8D/114.JPG,8
Data/8D/115.JPG,8
Data/8D/116.JPG,8
Data/8D/117.JPG,8
Data/8D/118.JPG,8
Data/8D/119.JPG,8
Data/8D/12.JPG,8
Data/8D/120.JPG,8
Data/8D/121.JPG,8
Data/8D/122.JPG,8
Data/8D/123.JPG,8
Data/8D/124.JPG,8
Data/8D/125.JPG,8
Data/8D/126.JPG,8
Data/8D/127.JPG,8
Data/8D/128.JPG,8
Data/8D/129.JPG,8
Data/8D/13.JPG,8
Data/8D/130.JPG,8
Data/8D/131.JPG,8
Data/8D/132.JPG,8
Data/8D/133.JPG,8
Data/8D/134.JPG,8
Data/8D/135.JPG,8
Data/8D/136.JPG,8
Data/8D/137.JPG,8
Data/8D/138.JPG,8
Data/8D/139.JPG,8
Data/8D/14.JPG,8
Data/8D/140.JPG,8
Data/8D/141.JPG,8
Data/8D/142.JPG,8
Data/8D/143.JPG,8
Data/8D/144.JPG,8
Data/8D/145.JPG,8
Data/8D/146.JPG,8
Data/8D/147.JPG,8
Data/8D/148.JPG,8
Data/8D/149.JPG,8
Data/8D/15.JPG,8
Data/8D/150.JPG,8
Data/8D/151.JPG,8
Data/8D/152.JPG,8
Data/8D/153.JPG,8
Data/8D/154.JPG,8
Data/8D/155.JPG,8
Data/8D/156.JPG,8
Data/8D/157.JPG,8
Data/8D/158.JPG,8
Data/8D/159.JPG,8
Data/8D/16.JPG,8
Data/8D/160.JPG,8
Data/8D/161.JPG,8
Data/8D/162.JPG,8
Data/8D/163.JPG,8
Data/8D/164.JPG,8
Data/8D/165.JPG,8
Data/8D/166.JPG,8
Data/8D/167.JPG,8
Data/8D/168.JPG,8
Data/8D/169.JPG,8
Data/8D/17.JPG,8
Data/8D/170.JPG,8
Data/8D/171.JPG,8
Data/8D/172.JPG,8
Data/8D/173.JPG,8
Data/8D/174.JPG,8
Data/8D/175.JPG,8
Data/8D/176.JPG,8
Data/8D/177.JPG,8
Data/8D/178.JPG,8
Data/8D/179.JPG,8
Data/8D/18.JPG,8
Data/8D/180.JPG,8
Data/8D/181.JPG,8
Data/8D/182.JPG,8
Data/8D/183.JPG,8
Data/8D/184.JPG,8
Data/8D/185.JPG,8
Data/8D/186.JPG,8
Data/8D/187.JPG,8
Data/8D/188.JPG,8
Data/8D/189.JPG,8
Data/8D/19.JPG,8
Data/8D/190.JPG,8
Data/8D/191.JPG,8
Data/8D/192.JPG,8
Data/8D/193.JPG,8
Data/8D/194.JPG,8
Data/8D/195.JPG,8
Data/8D/196.JPG,8
Data/8D/197.JPG,8
Data/8D/198.JPG,8
Data/8D/199.JPG,8
Data/8D/2.JPG,8
Data/8D/20.JPG,8
Data/8D/200.JPG,8
Data/8D/201.JPG,8
Data/8D/202.JPG,8
Data/8D/203.JPG,8
Data/8D/204.JPG,8
Data/8D/205.JPG,8
Data/8D/206.JPG,8
Data/8D/207.JPG,8
Data/8D/208.JPG,8
Data/8D/209.JPG,8
Data/8D/21.JPG,8
Data/8D/210.JPG,8
Data/8D/211.JPG,8
Data/8D/212.JPG,8
Data/8D/213.JPG,8
Data/8D/214.JPG,8
Data/8D/215.JPG,8
Data/8D/216.JPG,8
Data/8D/217.JPG,8
Data/8D/218.JPG,8
Data/8D/219.JPG,8
Data/8D/22.JPG,8
Data/8D/220.JPG,8
Data/8D/221.JPG,8
Data/8D/222.JPG,8
Data/8D/223.JPG,8
Data/8D/224.JPG,8
Data/8D/225.JPG,8
Data/8D/23.JPG,8
Data/8D/24.JPG,8
Data/8D/25.JPG,8
Data/8D/26.JPG,8
Data/8D/27.JPG,8
Data/8D/28.JPG,8
Data/8D/29.JPG,8
Data/8D/3.JPG,8
Data/8D/30.JPG,8
Data/8D/31.JPG,8
Data/8D/32.JPG,8
Data/8D/33.JPG,8
Data/8D/34.JPG,8
Data/8D/35.JPG,8
Data/8D/36.JPG,8
Data/8D/37.JPG,8
Data/8D/38.JPG,8
Data/8D/39.JPG,8
Data/8D/4.JPG,8
Data/8D/40.JPG,8
Data/8D/41.JPG,8
Data/8D/42.JPG,8
Data/8D/43.JPG,8
Data/8D/44.JPG,8
Data/8D/45.JPG,8
Data/8D/46.JPG,8
Data/8D/47.JPG,8
Data/8D/48.JPG,8
Data/8D/49.JPG,8
Data/8D/5.JPG,8
Data/8D/50.JPG,8
Data/8D/51.JPG,8
Data/8D/52.JPG,8
Data/8D/53.JPG,8
Data/8D/54.JPG,8
Data/8D/55.JPG,8
Data/8D/56.JPG,8
Data/8D/57.JPG,8
Data/8D/58.JPG,8
Data/8D/59.JPG,8
Data/8D/6.JPG,8
Data/8D/60.JPG,8
Data/8D/61.JPG,8
Data/8D/62.JPG,8
Data/8D/63.JPG,8
Data/8D/64.JPG,8
Data/8D/65.JPG,8
Data/8D/66.JPG,8
Data/8D/67.JPG,8
Data/8D/68.JPG,8
Data/8D/69.JPG,8
Data/8D/7.JPG,8
Data/8D/70.JPG,8
Data/8D/71.JPG,8
Data/8D/72.JPG,8
Data/8D/73.JPG,8
Data/8D/74.JPG,8
Data/8D/75.JPG,8
Data/8D/76.JPG,8
Data/8D/77.JPG,8
Data/8D/78.JPG,8
Data/8D/79.JPG,8
Data/8D/8.JPG,8
Data/8D/80.JPG,8
Data/8D/81.JPG,8
Data/8D/82.JPG,8
Data/8D/83.JPG,8
Data/8D/84.JPG,8
Data/8D/85.JPG,8
Data/8D/86.JPG,8
Data/8D/87.JPG,8
Data/8D/88.JPG,8
Data/8D/89.JPG,8
Data/8D/9.JPG,8
Data/8D/90.JPG,8
Data/8D/91.JPG,8
Data/8D/92.JPG,8
Data/8D/93.JPG,8
Data/8D/94.JPG,8
Data/8D/95.JPG,8
Data/8D/96.JPG,8
Data/8D/97.JPG,8
Data/8D/98.JPG,8
Data/8D/99.JPG,8
Data/9D/001.PNG,9
Data/9D/002.PNG,9
Data/9D/003.PNG,9
Data/9D/004.PNG,9
Data/9D/005.PNG,9
Data/9D/006.PNG,9
Data/9D/007.PNG,9
Data/9D/008.PNG,9
Data/9D/009.PNG,9
Data/9D/010.PNG,9
Data/9D/011.PNG,9
Data/9D/012.PNG,9
Data/9D/013.PNG,9
Data/9D/014.PNG,9
Data/9D/015.PNG,9
Data/9D/016.PNG,9
Data/9D/017.PNG,9
Data/9D/018.PNG,9
Data/9D/019.PNG,9
Data/9D/020.PNG,9
Data/9D/101.PNG,9
Data/9D/102.PNG,9
Data/9D/103.PNG,9
Data/9D/104.PNG,9
Data/9D/105.PNG,9
Data/9D/106.PNG,9
Data/9D/107.PNG,9
Data/9D/108.PNG,9
Data/9D/109.PNG,9
Data/9D/110.PNG,9
Data/9D/111.PNG,9
Data/9D/112.PNG,9
Data/9D/113.PNG,9
Data/9D/114.PNG,9
Data/9D/115.PNG,9
Data/9D/116.PNG,9
Data/9D/117.PNG,9
Data/9D/118.PNG,9
Data/9D/119.PNG,9
Data/9D/120.PNG,9
Data/9D/121.PNG,9
Data/9D/122.PNG,9
Data/9D/201.PNG,9
Data/9D/202.PNG,9
Data/9D/203.PNG,9
Data/9D/204.PNG,9
Data/9D/205.PNG,9
Data/9D/206.PNG,9
Data/9D/207.PNG,9
Data/9D/208.PNG,9
Data/9D/209.PNG,9
Data/9D/210.PNG,9
Data/9D/211.PNG,9
Data/9D/212.PNG,9
Data/9D/213.PNG,9
Data/9D/214.PNG,9
Data/9D/215.PNG,9
Data/9D/216.PNG,9
Data/9D/217.PNG,9
Data/9D/218.PNG,9
Data/9D/219.PNG,9
Data/9D/220.PNG,9
Data/9D/221.PNG,9
Data/9D/301.PNG,9
Data/9D/302.PNG,9
Data/9D/303.PNG,9
Data/9D/304.PNG,9
Data/9D/305.PNG,9
Data/9D/306.PNG,9
Data/9D/307.PNG,9
Data/9D/308.PNG,9
Data/9D/401.PNG,9
Data/9D/402.PNG,9
Data/9D/403.PNG,9
Data/9D/404.PNG,9
Data/9D/405.PNG,9
Data/9D/406.PNG,9
Data/9D/407.PNG,9
Data/9D/408.PNG,9
Data/9D/409.PNG,9
Data/9D/410.PNG,9
Data/9D/411.PNG,9
Data/9D/412.PNG,9
Data/9D/413.PNG,9
Data/9D/414.PNG,9
Data/9D/415.PNG,9
Data/9D/416.PNG,9
Data/9D/417.PNG,9
Data/9D/418a.PNG,9
Data/9D/418b.PNG,9
Data/9D/419.PNG,9
Data/9D/420.PNG,9
Data/9D/421.PNG,9
Data/9D/422.PNG,9
Data/9D/501.PNG,9
Data/9D/502.PNG,9
Data/9D/503.PNG,9
Data/9D/504.PNG,9
Data/9D/505a.PNG,9
Data/9D/505b.PNG,9
Data/9D/506.PNG,9
Data/9D/507.PNG,9
Data/9D/508.PNG,9
Data/9D/509.PNG,9
Data/9D/510a.PNG,9
Data/9D/510b.PNG,9
Data/9D/511.PNG,9
Data/9D/512.PNG,9
Data/9D/513.PNG,9
Data/9D/514.PNG,9
Data/9D/601.PNG,9
Data/9D/602.PNG,9
Data/9D/603.PNG,9
Data/9D/604.PNG,9
Data/9D/605.PNG,9
Data/9D/606.PNG,9
Data/9D/607.PNG,9
Data/9D/608.PNG,9
Data/9D/609.PNG,9
Data/9D/610.PNG,9
Data/9D/611.PNG,9
Data/9D/612.PNG,9
Data/9D/613.PNG,9
Data/9D/614.PNG,9
Data/9D/615.PNG,9
Data/9D/616.PNG,9
Data/9D/617.PNG,9
Data/9D/618.PNG,9
Data/9D/619.PNG,9
Data/9D/620.PNG,9
Data/9D/621.PNG,9
Data/9D/701.PNG,9
Data/9D/702.PNG,9
Data/9D/703.PNG,9
Data/9D/704.PNG,9
Data/9D/705.PNG,9
Data/9D/706.PNG,9
Data/9D/707.PNG,9
Data/9D/708.PNG,9
Data/9D/801.PNG,9
Data/9D/802.PNG,9
Data/9D/803.PNG,9
Data/9D/804.PNG,9
Data/9D/805.PNG,9
Data/9D/806.PNG,9
Data/9D/807.PNG,9
Data/9D/808.PNG,9
Data/9D/809.PNG,9
Data/9D/810.PNG,9
Data/9D/811.PNG,9
Data/9D/812.PNG,9
Data/9D/813.PNG,9
Data/9D/814.PNG,9
Data/9D/815.PNG,9
Data/9D/816.PNG,9
Data/9D/817.PNG,9
Data/9D/818a.PNG,9
Data/9D/818b.PNG,9
Data/9D/819.PNG,9
Data/9D/820.PNG,9
Data/9D/821.PNG,9
Data/9D/822.PNG,9
Data/9D/901.PNG,9
Data/9D/902.PNG,9
Data/9D/903.PNG,9
Data/9D/904.PNG,9
Data/9D/905a.PNG,9
Data/9D/905b.PNG,9
Data/9D/906.PNG,9
Data/9D/907.PNG,9
Data/9D/908.PNG,9
Data/9D/909.PNG,9
Data/9D/910a.PNG,9
Data/9D/910b.PNG,9
Data/9D/911.PNG,9
Data/9D/912.PNG,9
Data/9D/913.PNG,9
Data/9D/914.PNG,9
Data/10D/1001.PNG,10
Data/10D/1002.PNG,10
Data/10D/1003.PNG,10
Data/10D/1004.PNG,10
Data/10D/1005.PNG,10
Data/10D/1006.PNG,10
Data/10D/1007.PNG,10
Data/10D/1008.PNG,10
Data/10D/1009.PNG,10
Data/10D/101.PNG,10
Data/10D/1010.PNG,10
Data/10D/1011.PNG,10
Data/10D/1012.PNG,10
Data/10D/1013.PNG,10
Data/10D/1014.PNG,10
Data/10D/1015.PNG,10
Data/10D/1016a.PNG,10
Data/10D/1016b.PNG,10
Data/10D/1017.PNG,10
Data/10D/1018.PNG,10
Data/10D/102a.PNG,10
Data/10D/102b.PNG,10
Data/10D/103.PNG,10
Data/10D/104a.PNG,10
Data/10D/104b.PNG,10
Data/10D/105b.PNG,10
Data/10D/106.PNG,10
Data/10D/107.PNG,10
Data/10D/108a.PNG,10
Data/10D/108b.PNG,10
Data/10D/109b.PNG,10
Data/10D/110.PNG,10
Data/10D/111.PNG,10
Data/10D/112.PNG,10
Data/10D/113.PNG,10
Data/10D/114.PNG,10
Data/10D/115.PNG,10
Data/10D/116.PNG,10
Data/10D/117.PNG,10
Data/10D/118.PNG,10
Data/10D/119.PNG,10
Data/10D/120.PNG,10
Data/10D/121.PNG,10
Data/10D/122.PNG,10
Data/10D/201.PNG,10
Data/10D/202.PNG,10
Data/10D/203.PNG,10
Data/10D/204.PNG,10
Data/10D/205.PNG,10
Data/10D/206.PNG,10
Data/10D/207.PNG,10
Data/10D/208.PNG,10
Data/10D/209.PNG,10
Data/10D/210.PNG,10
Data/10D/211.PNG,10
Data/10D/212.PNG,10
Data/10D/213.PNG,10
Data/10D/301.PNG,10
Data/10D/302a.PNG,10
Data/10D/302b.PNG,10
Data/10D/303a.PNG,10
Data/10D/303b.PNG,10
Data/10D/304a.PNG,10
Data/10D/304b.PNG,10
Data/10D/305.PNG,10
Data/10D/306.PNG,10
Data/10D/307a.PNG,10
Data/10D/307b.PNG,10
Data/10D/308a.PNG,10
Data/10D/308b.PNG,10
Data/10D/309.PNG,10
Data/10D/310.PNG,10
Data/10D/311.PNG,10
Data/10D/312.PNG,10
Data/10D/313.PNG,10
Data/10D/314.PNG,10
Data/10D/315.PNG,10
Data/10D/316.PNG,10
Data/10D/317.PNG,10
Data/10D/318.PNG,10
Data/10D/319.PNG,10
Data/10D/320.PNG,10
Data/10D/321.PNG,10
Data/10D/322.PNG,10
Data/10D/323.PNG,10
Data/10D/401.PNG,10
Data/10D/402.PNG,10
Data/10D/403.PNG,10
Data/10D/404.PNG,10
Data/10D/405.PNG,10
Data/10D/406.PNG,10
Data/10D/407.PNG,10
Data/10D/408.PNG,10
Data/10D/409.PNG,10
Data/10D/410a.PNG,10
Data/10D/410b.PNG,10
Data/10D/411a.PNG,10
Data/10D/411b.PNG,10
Data/10D/412a.PNG,10
Data/10D/412b.PNG,10
Data/10D/413.PNG,10
Data/10D/414a.PNG,10
Data/10D/414b.PNG,10
Data/10D/415.PNG,10
Data/10D/416.PNG,10
Data/10D/417.PNG,10
Data/10D/501a.PNG,10
Data/10D/501b.PNG,10
Data/10D/502a.PNG,10
Data/10D/502b.PNG,10
Data/10D/503.PNG,10
Data/10D/504.PNG,10
Data/10D/505a.PNG,10
Data/10D/505b.PNG,10
Data/10D/506.PNG,10
Data/10D/507.PNG,10
Data/10D/508.PNG,10
Data/10D/509.PNG,10
Data/10D/510.PNG,10
Data/10D/511.PNG,10
Data/10D/512.PNG,10
Data/10D/513.PNG,10
Data/10D/514.PNG,10
Data/10D/515.PNG,10
Data/10D/516.PNG,10
Data/10D/517.PNG,10
Data/10D/518.PNG,10
Data/10D/519.PNG,10
Data/10D/520.PNG,10
Data/10D/521.PNG,10
Data/10D/522.PNG,10
Data/10D/601.PNG,10
Data/10D/602.PNG,10
Data/10D/603.PNG,10
Data/10D/604.PNG,10
Data/10D/605.PNG,10
Data/10D/606.PNG,10
Data/10D/607.PNG,10
Data/10D/608.PNG,10
Data/10D/609.PNG,10
Data/10D/610.PNG,10
Data/10D/611.PNG,10
Data/10D/612.PNG,10
Data/10D/613.PNG,10
Data/10D/614.PNG,10
Data/10D/615.PNG,10
Data/10D/616.PNG,10
Data/10D/617.PNG,10
Data/10D/618.PNG,10
Data/10D/619.PNG,10
Data/10D/620.PNG,10
Data/10D/621.PNG,10
Data/10D/701a.PNG,10
Data/10D/701b.PNG,10
Data/10D/702.PNG,10
Data/10D/703a.PNG,10
Data/10D/703b.PNG,10
Data/10D/704.PNG,10
Data/10D/705.PNG,10
Data/10D/706.PNG,10
Data/10D/707.PNG,10
Data/10D/708.PNG,10
Data/10D/709.PNG,10
Data/10D/710.PNG,10
Data/10D/711.PNG,10
Data/10D/712.PNG,10
Data/10D/713.PNG,10
Data/10D/714.PNG,10
Data/10D/715.PNG,10
Data/10D/716.PNG,10
Data/10D/717.PNG,10
Data/10D/718.PNG,10
Data/10D/719.PNG,10
Data/10D/720.PNG,10
Data/10D/721.PNG,10
Data/10D/722.PNG,10
Data/10D/723.PNG,10
Data/10D/801.PNG,10
Data/10D/802.PNG,10
Data/10D/803.PNG,10
Data/10D/804.PNG,10
Data/10D/805.PNG,10
Data/10D/806.PNG,10
Data/10D/807.PNG,10
Data/10D/808.PNG,10
Data/10D/809.PNG,10
Data/10D/810.PNG,10
Data/10D/811.PNG,10
Data/10D/812.PNG,10
Data/10D/813.PNG,10
Data/10D/901.PNG,10
Data/10D/902.PNG,10
Data/10D/903.PNG,10
Data/10D/904.PNG,10
Data/10D/905.PNG,10
Data/10D/906.PNG,10
Data/10D/907.PNG,10
Data/10D/908.PNG,10
Data/10D/909.PNG,10
Data/10D/910.PNG,10
Data/10D/911.PNG,10
Data/10D/912.PNG,10
Data/10D/913.PNG,10
Data/10D/914.PNG,10
Data/10D/915.PNG,10
Data/10D/916.PNG,10
Data/10D/917.PNG,10
Data/10D/918.PNG,10
Data/10D/919.PNG,10
Data/10D/920.PNG,10
Data/10D/921.PNG,10
Data/10D/922.PNG,10
Data/10D/923.PNG,10
